Temperature (C),Pressure (bar),Density (mol/l),Volume (l/mol),Internal Energy (kJ/mol),Enthalpy (kJ/mol),Entropy (J/mol*K),Cv (J/mol*K),Cp (J/mol*K),Sound Spd. (m/s),Joule-Thomson (K/bar),Viscosity (uPa*s),Therm. Cond. (W/m*K),Phase
-56.558,5.1796,0.31268,3.1982,17.286,18.943,94.138,27.691,39.992,222.78,2.6174,10.892,0.011116,vapor
-56.414,5.2122,0.31455,3.1791,17.288,18.945,94.101,27.709,40.031,222.79,2.6126,10.899,0.011129,vapor
-56.269,5.2449,0.31644,3.1602,17.29,18.947,94.064,27.727,40.07,222.81,2.6079,10.906,0.011142,vapor
-56.125,5.2778,0.31833,3.1414,17.292,18.95,94.027,27.745,40.109,222.83,2.6031,10.913,0.011155,vapor
-55.981,5.3109,0.32024,3.1227,17.294,18.952,93.99,27.762,40.148,222.85,2.5984,10.92,0.011167,vapor
-55.837,5.344,0.32215,3.1042,17.295,18.954,93.953,27.78,40.187,222.86,2.5937,10.928,0.01118,vapor
-55.692,5.3774,0.32407,3.0858,17.297,18.957,93.916,27.798,40.227,222.88,2.589,10.935,0.011193,vapor
-55.548,5.4109,0.326,3.0675,17.299,18.959,93.88,27.816,40.266,222.9,2.5843,10.942,0.011206,vapor
-55.404,5.4446,0.32794,3.0494,17.301,18.961,93.843,27.834,40.306,222.91,2.5796,10.949,0.011219,vapor
-55.26,5.4784,0.32988,3.0314,17.303,18.964,93.806,27.852,40.346,222.93,2.575,10.956,0.011232,vapor
-55.115,5.5124,0.33184,3.0135,17.305,18.966,93.77,27.87,40.386,222.95,2.5703,10.963,0.011245,vapor
-54.971,5.5465,0.33381,2.9958,17.307,18.968,93.733,27.888,40.426,222.96,2.5657,10.971,0.011258,vapor
-54.827,5.5808,0.33578,2.9781,17.308,18.97,93.697,27.907,40.466,222.98,2.5611,10.978,0.011271,vapor
-54.683,5.6153,0.33776,2.9606,17.31,18.973,93.66,27.925,40.506,222.99,2.5565,10.985,0.011284,vapor
-54.538,5.6499,0.33976,2.9433,17.312,18.975,93.624,27.943,40.547,223.01,2.5519,10.992,0.011297,vapor
-54.394,5.6847,0.34176,2.926,17.314,18.977,93.587,27.961,40.587,223.02,2.5473,10.999,0.01131,vapor
-54.25,5.7196,0.34377,2.9089,17.316,18.979,93.551,27.979,40.628,223.04,2.5427,11.007,0.011323,vapor
-54.106,5.7547,0.34579,2.8919,17.317,18.982,93.515,27.998,40.669,223.05,2.5382,11.014,0.011336,vapor
-53.961,5.79,0.34782,2.8751,17.319,18.984,93.479,28.016,40.71,223.07,2.5337,11.021,0.011349,vapor
-53.817,5.8254,0.34986,2.8583,17.321,18.986,93.443,28.034,40.751,223.08,2.5291,11.028,0.011362,vapor
-53.673,5.861,0.35191,2.8417,17.323,18.988,93.406,28.053,40.792,223.1,2.5246,11.036,0.011376,vapor
-53.528,5.8967,0.35396,2.8251,17.325,18.991,93.37,28.071,40.834,223.11,2.5201,11.043,0.011389,vapor
-53.384,5.9326,0.35603,2.8087,17.326,18.993,93.334,28.09,40.876,223.12,2.5157,11.05,0.011402,vapor
-53.24,5.9687,0.35811,2.7925,17.328,18.995,93.298,28.108,40.917,223.14,2.5112,11.057,0.011415,vapor
-53.096,6.005,0.36019,2.7763,17.33,18.997,93.262,28.127,40.959,223.15,2.5067,11.064,0.011429,vapor
-52.951,6.0414,0.36229,2.7602,17.332,18.999,93.226,28.145,41.001,223.17,2.5023,11.072,0.011442,vapor
-52.807,6.078,0.36439,2.7443,17.333,19.001,93.191,28.164,41.043,223.18,2.4979,11.079,0.011455,vapor
-52.663,6.1147,0.36651,2.7285,17.335,19.004,93.155,28.182,41.086,223.19,2.4935,11.086,0.011469,vapor
-52.519,6.1516,0.36863,2.7127,17.337,19.006,93.119,28.201,41.128,223.2,2.4891,11.094,0.011482,vapor
-52.374,6.1887,0.37077,2.6971,17.339,19.008,93.083,28.22,41.171,223.22,2.4847,11.101,0.011495,vapor
-52.23,6.2259,0.37291,2.6816,17.34,19.01,93.047,28.238,41.214,223.23,2.4803,11.108,0.011509,vapor
-52.086,6.2634,0.37506,2.6662,17.342,19.012,93.012,28.257,41.257,223.24,2.4759,11.115,0.011522,vapor
-51.942,6.3009,0.37722,2.6509,17.344,19.014,92.976,28.276,41.3,223.25,2.4716,11.123,0.011536,vapor
-51.797,6.3387,0.3794,2.6358,17.346,19.016,92.941,28.295,41.343,223.26,2.4672,11.13,0.011549,vapor
-51.653,6.3766,0.38158,2.6207,17.347,19.018,92.905,28.314,41.386,223.27,2.4629,11.137,0.011563,vapor
-51.509,6.4147,0.38377,2.6057,17.349,19.021,92.87,28.332,41.43,223.29,2.4586,11.144,0.011576,vapor
-51.365,6.453,0.38597,2.5909,17.351,19.023,92.834,28.351,41.474,223.3,2.4543,11.152,0.01159,vapor
-51.22,6.4914,0.38818,2.5761,17.352,19.025,92.799,28.37,41.518,223.31,2.45,11.159,0.011604,vapor
-51.076,6.53,0.39041,2.5614,17.354,19.027,92.763,28.389,41.562,223.32,2.4458,11.166,0.011617,vapor
-50.932,6.5688,0.39264,2.5469,17.356,19.029,92.728,28.408,41.606,223.33,2.4415,11.174,0.011631,vapor
-50.787,6.6077,0.39488,2.5324,17.358,19.031,92.693,28.427,41.65,223.34,2.4373,11.181,0.011645,vapor
-50.643,6.6469,0.39713,2.5181,17.359,19.033,92.658,28.447,41.695,223.35,2.433,11.188,0.011658,vapor
-50.499,6.6862,0.39939,2.5038,17.361,19.035,92.622,28.466,41.739,223.36,2.4288,11.196,0.011672,vapor
-50.355,6.7256,0.40166,2.4896,17.363,19.037,92.587,28.485,41.784,223.37,2.4246,11.203,0.011686,vapor
-50.21,6.7653,0.40395,2.4756,17.364,19.039,92.552,28.504,41.829,223.38,2.4204,11.21,0.0117,vapor
-50.066,6.8051,0.40624,2.4616,17.366,19.041,92.517,28.523,41.874,223.39,2.4162,11.218,0.011713,vapor
-49.922,6.8451,0.40854,2.4477,17.368,19.043,92.482,28.543,41.919,223.39,2.412,11.225,0.011727,vapor
-49.778,6.8853,0.41085,2.434,17.369,19.045,92.447,28.562,41.965,223.4,2.4079,11.232,0.011741,vapor
-49.633,6.9256,0.41317,2.4203,17.371,19.047,92.412,28.581,42.011,223.41,2.4037,11.24,0.011755,vapor
-49.489,6.9661,0.41551,2.4067,17.372,19.049,92.377,28.601,42.056,223.42,2.3996,11.247,0.011769,vapor
-49.345,7.0068,0.41785,2.3932,17.374,19.051,92.342,28.62,42.102,223.43,2.3955,11.254,0.011783,vapor
-49.201,7.0477,0.42021,2.3798,17.376,19.053,92.307,28.639,42.148,223.44,2.3913,11.262,0.011797,vapor
-49.056,7.0888,0.42257,2.3665,17.377,19.055,92.273,28.659,42.195,223.44,2.3872,11.269,0.011811,vapor
-48.912,7.13,0.42494,2.3533,17.379,19.057,92.238,28.678,42.241,223.45,2.3832,11.277,0.011825,vapor
-48.768,7.1714,0.42733,2.3401,17.381,19.059,92.203,28.698,42.288,223.46,2.3791,11.284,0.011839,vapor
-48.624,7.213,0.42973,2.3271,17.382,19.061,92.168,28.718,42.335,223.47,2.375,11.291,0.011853,vapor
-48.479,7.2548,0.43213,2.3141,17.384,19.063,92.134,28.737,42.381,223.47,2.371,11.299,0.011867,vapor
-48.335,7.2968,0.43455,2.3012,17.385,19.064,92.099,28.757,42.429,223.48,2.3669,11.306,0.011882,vapor
-48.191,7.3389,0.43698,2.2885,17.387,19.066,92.065,28.777,42.476,223.48,2.3629,11.314,0.011896,vapor
-48.046,7.3813,0.43941,2.2758,17.388,19.068,92.03,28.796,42.523,223.49,2.3589,11.321,0.01191,vapor
-47.902,7.4238,0.44186,2.2631,17.39,19.07,91.995,28.816,42.571,223.5,2.3548,11.328,0.011924,vapor
-47.758,7.4664,0.44432,2.2506,17.392,19.072,91.961,28.836,42.619,223.5,2.3508,11.336,0.011939,vapor
-47.614,7.5093,0.44679,2.2382,17.393,19.074,91.927,28.856,42.667,223.51,2.3469,11.343,0.011953,vapor
-47.469,7.5524,0.44927,2.2258,17.395,19.076,91.892,28.876,42.715,223.51,2.3429,11.351,0.011967,vapor
-47.325,7.5956,0.45177,2.2135,17.396,19.078,91.858,28.895,42.763,223.52,2.3389,11.358,0.011982,vapor
-47.181,7.639,0.45427,2.2013,17.398,19.079,91.823,28.915,42.812,223.52,2.335,11.366,0.011996,vapor
-47.037,7.6826,0.45678,2.1892,17.399,19.081,91.789,28.935,42.861,223.53,2.331,11.373,0.01201,vapor
-46.892,7.7264,0.45931,2.1772,17.401,19.083,91.755,28.955,42.91,223.53,2.3271,11.381,0.012025,vapor
-46.748,7.7704,0.46184,2.1652,17.402,19.085,91.721,28.976,42.959,223.54,2.3232,11.388,0.012039,vapor
-46.604,7.8146,0.46439,2.1534,17.404,19.087,91.687,28.996,43.008,223.54,2.3193,11.395,0.012054,vapor
-46.46,7.859,0.46695,2.1416,17.405,19.088,91.652,29.016,43.057,223.55,2.3154,11.403,0.012068,vapor
-46.315,7.9035,0.46952,2.1298,17.407,19.09,91.618,29.036,43.107,223.55,2.3115,11.41,0.012083,vapor
-46.171,7.9482,0.4721,2.1182,17.408,19.092,91.584,29.056,43.157,223.55,2.3076,11.418,0.012098,vapor
-46.027,7.9931,0.47469,2.1066,17.41,19.094,91.55,29.076,43.207,223.56,2.3037,11.425,0.012112,vapor
-45.883,8.0383,0.47729,2.0951,17.411,19.095,91.516,29.097,43.257,223.56,2.2999,11.433,0.012127,vapor
-45.738,8.0836,0.47991,2.0837,17.413,19.097,91.482,29.117,43.307,223.56,2.296,11.44,0.012142,vapor
-45.594,8.129,0.48253,2.0724,17.414,19.099,91.448,29.137,43.358,223.56,2.2922,11.448,0.012156,vapor
-45.45,8.1747,0.48517,2.0611,17.416,19.101,91.414,29.158,43.409,223.57,2.2884,11.455,0.012171,vapor
-45.305,8.2206,0.48782,2.0499,17.417,19.102,91.38,29.178,43.46,223.57,2.2846,11.463,0.012186,vapor
-45.161,8.2667,0.49048,2.0388,17.419,19.104,91.346,29.199,43.511,223.57,2.2808,11.47,0.012201,vapor
-45.017,8.3129,0.49315,2.0278,17.42,19.106,91.313,29.219,43.562,223.57,2.277,11.478,0.012216,vapor
-44.873,8.3594,0.49583,2.0168,17.421,19.107,91.279,29.24,43.614,223.57,2.2732,11.486,0.012231,vapor
-44.728,8.406,0.49853,2.0059,17.423,19.109,91.245,29.26,43.665,223.57,2.2694,11.493,0.012245,vapor
-44.584,8.4529,0.50123,1.9951,17.424,19.111,91.211,29.281,43.717,223.58,2.2657,11.501,0.01226,vapor
-44.44,8.4999,0.50395,1.9843,17.426,19.112,91.178,29.302,43.769,223.58,2.2619,11.508,0.012275,vapor
-44.296,8.5471,0.50668,1.9736,17.427,19.114,91.144,29.322,43.822,223.58,2.2582,11.516,0.01229,vapor
-44.151,8.5945,0.50942,1.963,17.429,19.116,91.11,29.343,43.874,223.58,2.2544,11.523,0.012306,vapor
-44.007,8.6421,0.51217,1.9525,17.43,19.117,91.077,29.364,43.927,223.58,2.2507,11.531,0.012321,vapor
-43.863,8.69,0.51494,1.942,17.431,19.119,91.043,29.385,43.98,223.58,2.247,11.539,0.012336,vapor
-43.719,8.738,0.51772,1.9316,17.433,19.12,91.01,29.406,44.033,223.58,2.2433,11.546,0.012351,vapor
-43.574,8.7862,0.5205,1.9212,17.434,19.122,90.976,29.426,44.086,223.58,2.2396,11.554,0.012366,vapor
-43.43,8.8346,0.5233,1.9109,17.435,19.124,90.943,29.447,44.14,223.58,2.2359,11.561,0.012381,vapor
-43.286,8.8832,0.52612,1.9007,17.437,19.125,90.909,29.468,44.193,223.58,2.2323,11.569,0.012397,vapor
-43.142,8.932,0.52894,1.8906,17.438,19.127,90.876,29.489,44.247,223.57,2.2286,11.577,0.012412,vapor
-42.997,8.981,0.53178,1.8805,17.44,19.128,90.842,29.51,44.301,223.57,2.2249,11.584,0.012427,vapor
-42.853,9.0302,0.53463,1.8705,17.441,19.13,90.809,29.532,44.356,223.57,2.2213,11.592,0.012443,vapor
-42.709,9.0796,0.53749,1.8605,17.442,19.131,90.776,29.553,44.41,223.57,2.2177,11.6,0.012458,vapor
-42.564,9.1292,0.54036,1.8506,17.444,19.133,90.742,29.574,44.465,223.57,2.2141,11.607,0.012473,vapor
-42.42,9.179,0.54325,1.8408,17.445,19.135,90.709,29.595,44.52,223.57,2.2104,11.615,0.012489,vapor
-42.276,9.229,0.54614,1.831,17.446,19.136,90.676,29.616,44.575,223.56,2.2068,11.622,0.012504,vapor
-42.132,9.2792,0.54905,1.8213,17.447,19.138,90.643,29.638,44.63,223.56,2.2032,11.63,0.01252,vapor
-41.987,9.3296,0.55198,1.8117,17.449,19.139,90.609,29.659,44.686,223.56,2.1997,11.638,0.012536,vapor
-41.843,9.3802,0.55491,1.8021,17.45,19.14,90.576,29.68,44.742,223.55,2.1961,11.646,0.012551,vapor
-41.699,9.431,0.55786,1.7926,17.451,19.142,90.543,29.702,44.798,223.55,2.1925,11.653,0.012567,vapor
-41.555,9.4821,0.56082,1.7831,17.453,19.143,90.51,29.723,44.854,223.55,2.189,11.661,0.012583,vapor
-41.41,9.5333,0.56379,1.7737,17.454,19.145,90.477,29.745,44.911,223.54,2.1854,11.669,0.012598,vapor
-41.266,9.5847,0.56678,1.7644,17.455,19.146,90.444,29.766,44.967,223.54,2.1819,11.676,0.012614,vapor
-41.122,9.6363,0.56977,1.7551,17.456,19.148,90.411,29.788,45.024,223.54,2.1784,11.684,0.01263,vapor
-40.978,9.6882,0.57278,1.7459,17.458,19.149,90.378,29.809,45.081,223.53,2.1748,11.692,0.012646,vapor
-40.833,9.7402,0.57581,1.7367,17.459,19.151,90.345,29.831,45.139,223.53,2.1713,11.7,0.012662,vapor
-40.689,9.7925,0.57884,1.7276,17.46,19.152,90.312,29.853,45.196,223.52,2.1678,11.707,0.012678,vapor
-40.545,9.845,0.58189,1.7185,17.461,19.153,90.279,29.874,45.254,223.52,2.1643,11.715,0.012694,vapor
-40.401,9.8976,0.58495,1.7095,17.463,19.155,90.246,29.896,45.312,223.51,2.1609,11.723,0.01271,vapor
-40.256,9.9505,0.58803,1.7006,17.464,19.156,90.213,29.918,45.371,223.51,2.1574,11.731,0.012726,vapor
-40.112,10.004,0.59112,1.6917,17.465,19.157,90.18,29.94,45.429,223.5,2.1539,11.738,0.012742,vapor
-39.968,10.057,0.59422,1.6829,17.466,19.159,90.148,29.962,45.488,223.49,2.1505,11.746,0.012758,vapor
-39.823,10.11,0.59733,1.6741,17.467,19.16,90.115,29.983,45.547,223.49,2.147,11.754,0.012774,vapor
-39.679,10.164,0.60046,1.6654,17.469,19.161,90.082,30.005,45.606,223.48,2.1436,11.762,0.01279,vapor
-39.535,10.218,0.6036,1.6567,17.47,19.163,90.049,30.027,45.665,223.48,2.1402,11.77,0.012806,vapor
-39.391,10.272,0.60675,1.6481,17.471,19.164,90.017,30.049,45.725,223.47,2.1367,11.777,0.012823,vapor
-39.246,10.327,0.60992,1.6396,17.472,19.165,89.984,30.072,45.785,223.46,2.1333,11.785,0.012839,vapor
-39.102,10.381,0.6131,1.6311,17.473,19.167,89.951,30.094,45.845,223.45,2.1299,11.793,0.012855,vapor
-38.958,10.436,0.61629,1.6226,17.474,19.168,89.919,30.116,45.906,223.45,2.1265,11.801,0.012872,vapor
-38.814,10.491,0.6195,1.6142,17.476,19.169,89.886,30.138,45.966,223.44,2.1232,11.809,0.012888,vapor
-38.669,10.546,0.62272,1.6059,17.477,19.17,89.853,30.16,46.027,223.43,2.1198,11.817,0.012905,vapor
-38.525,10.602,0.62595,1.5976,17.478,19.172,89.821,30.183,46.088,223.42,2.1164,11.824,0.012921,vapor
-38.381,10.657,0.6292,1.5893,17.479,19.173,89.788,30.205,46.15,223.41,2.1131,11.832,0.012938,vapor
-38.237,10.713,0.63246,1.5811,17.48,19.174,89.756,30.227,46.211,223.41,2.1097,11.84,0.012954,vapor
-38.092,10.769,0.63573,1.573,17.481,19.175,89.723,30.25,46.273,223.4,2.1064,11.848,0.012971,vapor
-37.948,10.825,0.63902,1.5649,17.482,19.176,89.691,30.272,46.335,223.39,2.103,11.856,0.012988,vapor
-37.804,10.882,0.64232,1.5569,17.483,19.178,89.658,30.295,46.398,223.38,2.0997,11.864,0.013004,vapor
-37.66,10.939,0.64564,1.5489,17.485,19.179,89.626,30.317,46.46,223.37,2.0964,11.872,0.013021,vapor
-37.515,10.996,0.64897,1.5409,17.486,19.18,89.593,30.34,46.523,223.36,2.0931,11.88,0.013038,vapor
-37.371,11.053,0.65231,1.533,17.487,19.181,89.561,30.362,46.586,223.35,2.0898,11.888,0.013055,vapor
-37.227,11.11,0.65567,1.5252,17.488,19.182,89.529,30.385,46.65,223.34,2.0865,11.896,0.013072,vapor
-37.082,11.168,0.65904,1.5174,17.489,19.183,89.496,30.408,46.713,223.33,2.0832,11.904,0.013089,vapor
-36.938,11.226,0.66242,1.5096,17.49,19.184,89.464,30.43,46.777,223.32,2.08,11.912,0.013106,vapor
-36.794,11.284,0.66582,1.5019,17.491,19.186,89.432,30.453,46.841,223.31,2.0767,11.92,0.013123,vapor
-36.65,11.342,0.66924,1.4942,17.492,19.187,89.399,30.476,46.906,223.3,2.0734,11.928,0.01314,vapor
-36.505,11.4,0.67266,1.4866,17.493,19.188,89.367,30.499,46.971,223.29,2.0702,11.936,0.013157,vapor
-36.361,11.459,0.67611,1.4791,17.494,19.189,89.335,30.522,47.036,223.27,2.067,11.944,0.013174,vapor
-36.217,11.518,0.67956,1.4715,17.495,19.19,89.303,30.544,47.101,223.26,2.0637,11.952,0.013191,vapor
-36.073,11.577,0.68303,1.4641,17.496,19.191,89.27,30.567,47.166,223.25,2.0605,11.96,0.013208,vapor
-35.928,11.637,0.68652,1.4566,17.497,19.192,89.238,30.59,47.232,223.24,2.0573,11.968,0.013226,vapor
-35.784,11.696,0.69002,1.4492,17.498,19.193,89.206,30.614,47.298,223.23,2.0541,11.976,0.013243,vapor
-35.64,11.756,0.69353,1.4419,17.499,19.194,89.174,30.637,47.365,223.21,2.0509,11.984,0.01326,vapor
-35.496,11.816,0.69706,1.4346,17.5,19.195,89.142,30.66,47.431,223.2,2.0477,11.992,0.013278,vapor
-35.351,11.876,0.70061,1.4273,17.501,19.196,89.11,30.683,47.498,223.19,2.0445,12,0.013295,vapor
-35.207,11.937,0.70417,1.4201,17.502,19.197,89.077,30.706,47.565,223.17,2.0413,12.008,0.013313,vapor
-35.063,11.998,0.70774,1.413,17.503,19.198,89.045,30.729,47.633,223.16,2.0382,12.016,0.013331,vapor
-34.919,12.059,0.71133,1.4058,17.504,19.199,89.013,30.753,47.701,223.15,2.035,12.024,0.013348,vapor
-34.774,12.12,0.71493,1.3987,17.505,19.2,88.981,30.776,47.769,223.13,2.0319,12.032,0.013366,vapor
-34.63,12.181,0.71855,1.3917,17.506,19.201,88.949,30.8,47.837,223.12,2.0287,12.04,0.013384,vapor
-34.486,12.243,0.72218,1.3847,17.506,19.202,88.917,30.823,47.906,223.1,2.0256,12.049,0.013401,vapor
-34.341,12.305,0.72583,1.3777,17.507,19.203,88.885,30.846,47.975,223.09,2.0225,12.057,0.013419,vapor
-34.197,12.367,0.72949,1.3708,17.508,19.204,88.853,30.87,48.044,223.07,2.0193,12.065,0.013437,vapor
-34.053,12.429,0.73317,1.3639,17.509,19.204,88.821,30.894,48.113,223.06,2.0162,12.073,0.013455,vapor
-33.909,12.492,0.73686,1.3571,17.51,19.205,88.789,30.917,48.183,223.04,2.0131,12.081,0.013473,vapor
-33.764,12.555,0.74057,1.3503,17.511,19.206,88.757,30.941,48.253,223.03,2.01,12.089,0.013491,vapor
-33.62,12.618,0.7443,1.3436,17.512,19.207,88.726,30.965,48.324,223.01,2.0069,12.098,0.013509,vapor
-33.476,12.681,0.74804,1.3368,17.513,19.208,88.694,30.988,48.394,222.99,2.0039,12.106,0.013527,vapor
-33.332,12.745,0.75179,1.3302,17.513,19.209,88.662,31.012,48.466,222.98,2.0008,12.114,0.013545,vapor
-33.187,12.808,0.75556,1.3235,17.514,19.21,88.63,31.036,48.537,222.96,1.9977,12.122,0.013564,vapor
-33.043,12.872,0.75935,1.3169,17.515,19.21,88.598,31.06,48.609,222.95,1.9947,12.13,0.013582,vapor
-32.899,12.936,0.76315,1.3104,17.516,19.211,88.566,31.084,48.681,222.93,1.9916,12.139,0.0136,vapor
-32.755,13.001,0.76697,1.3038,17.517,19.212,88.534,31.108,48.753,222.91,1.9886,12.147,0.013619,vapor
-32.61,13.066,0.7708,1.2974,17.518,19.213,88.503,31.132,48.825,222.89,1.9855,12.155,0.013637,vapor
-32.466,13.131,0.77465,1.2909,17.518,19.213,88.471,31.156,48.898,222.88,1.9825,12.163,0.013656,vapor
-32.322,13.196,0.77851,1.2845,17.519,19.214,88.439,31.18,48.972,222.86,1.9795,12.172,0.013674,vapor
-32.177,13.261,0.78239,1.2781,17.52,19.215,88.407,31.204,49.045,222.84,1.9765,12.18,0.013693,vapor
-32.033,13.327,0.78629,1.2718,17.521,19.216,88.376,31.228,49.119,222.82,1.9734,12.188,0.013711,vapor
-31.889,13.393,0.7902,1.2655,17.521,19.216,88.344,31.252,49.193,222.8,1.9704,12.197,0.01373,vapor
-31.745,13.459,0.79413,1.2592,17.522,19.217,88.312,31.277,49.268,222.78,1.9674,12.205,0.013749,vapor
-31.6,13.525,0.79808,1.253,17.523,19.218,88.28,31.301,49.343,222.76,1.9645,12.213,0.013768,vapor
-31.456,13.592,0.80204,1.2468,17.524,19.218,88.249,31.326,49.418,222.75,1.9615,12.222,0.013787,vapor
-31.312,13.659,0.80602,1.2407,17.524,19.219,88.217,31.35,49.494,222.73,1.9585,12.23,0.013805,vapor
-31.168,13.726,0.81001,1.2346,17.525,19.22,88.185,31.375,49.57,222.71,1.9555,12.239,0.013824,vapor
-31.023,13.793,0.81402,1.2285,17.526,19.22,88.154,31.399,49.646,222.69,1.9526,12.247,0.013844,vapor
-30.879,13.861,0.81805,1.2224,17.527,19.221,88.122,31.424,49.723,222.67,1.9496,12.255,0.013863,vapor
-30.735,13.928,0.82209,1.2164,17.527,19.221,88.091,31.448,49.8,222.64,1.9467,12.264,0.013882,vapor
-30.591,13.996,0.82615,1.2104,17.528,19.222,88.059,31.473,49.877,222.62,1.9438,12.272,0.013901,vapor
-30.446,14.065,0.83023,1.2045,17.529,19.223,88.027,31.498,49.955,222.6,1.9408,12.281,0.01392,vapor
-30.302,14.133,0.83432,1.1986,17.529,19.223,87.996,31.523,50.033,222.58,1.9379,12.289,0.01394,vapor
-30.158,14.202,0.83843,1.1927,17.53,19.224,87.964,31.547,50.111,222.56,1.935,12.298,0.013959,vapor
-30.014,14.271,0.84256,1.1869,17.531,19.224,87.933,31.572,50.19,222.54,1.9321,12.306,0.013978,vapor
-29.869,14.34,0.84671,1.181,17.531,19.225,87.901,31.597,50.269,222.52,1.9292,12.315,0.013998,vapor
-29.725,14.41,0.85087,1.1753,17.532,19.225,87.869,31.622,50.349,222.49,1.9263,12.323,0.014018,vapor
-29.581,14.48,0.85505,1.1695,17.532,19.226,87.838,31.647,50.429,222.47,1.9234,12.332,0.014037,vapor
-29.436,14.55,0.85924,1.1638,17.533,19.226,87.806,31.672,50.509,222.45,1.9205,12.34,0.014057,vapor
-29.292,14.62,0.86346,1.1581,17.534,19.227,87.775,31.698,50.59,222.43,1.9176,12.349,0.014077,vapor
-29.148,14.691,0.86769,1.1525,17.534,19.227,87.743,31.723,50.671,222.4,1.9147,12.357,0.014096,vapor
-29.004,14.761,0.87193,1.1469,17.535,19.228,87.712,31.748,50.752,222.38,1.9119,12.366,0.014116,vapor
-28.859,14.832,0.8762,1.1413,17.535,19.228,87.68,31.774,50.834,222.36,1.909,12.374,0.014136,vapor
-28.715,14.904,0.88048,1.1357,17.536,19.229,87.649,31.799,50.916,222.33,1.9062,12.383,0.014156,vapor
-28.571,14.975,0.88478,1.1302,17.536,19.229,87.617,31.824,50.999,222.31,1.9033,12.392,0.014176,vapor
-28.427,15.047,0.8891,1.1247,17.537,19.229,87.586,31.85,51.082,222.28,1.9005,12.4,0.014196,vapor
-28.282,15.119,0.89344,1.1193,17.538,19.23,87.554,31.876,51.165,222.26,1.8976,12.409,0.014217,vapor
-28.138,15.191,0.89779,1.1138,17.538,19.23,87.523,31.901,51.249,222.23,1.8948,12.418,0.014237,vapor
-27.994,15.264,0.90216,1.1084,17.539,19.23,87.492,31.927,51.333,222.21,1.892,12.426,0.014257,vapor
-27.85,15.337,0.90655,1.1031,17.539,19.231,87.46,31.953,51.418,222.18,1.8892,12.435,0.014278,vapor
-27.705,15.41,0.91096,1.0977,17.54,19.231,87.429,31.978,51.503,222.16,1.8864,12.444,0.014298,vapor
-27.561,15.483,0.91538,1.0924,17.54,19.231,87.397,32.004,51.588,222.13,1.8836,12.452,0.014319,vapor
-27.417,15.557,0.91983,1.0872,17.541,19.232,87.366,32.03,51.674,222.11,1.8808,12.461,0.014339,vapor
-27.273,15.63,0.92429,1.0819,17.541,19.232,87.335,32.056,51.76,222.08,1.878,12.47,0.01436,vapor
-27.128,15.704,0.92877,1.0767,17.541,19.232,87.303,32.082,51.847,222.05,1.8752,12.479,0.014381,vapor
-26.984,15.779,0.93327,1.0715,17.542,19.233,87.272,32.108,51.934,222.03,1.8724,12.487,0.014401,vapor
-26.84,15.853,0.93779,1.0663,17.542,19.233,87.24,32.135,52.022,222,1.8696,12.496,0.014422,vapor
-26.695,15.928,0.94232,1.0612,17.543,19.233,87.209,32.161,52.11,221.97,1.8669,12.505,0.014443,vapor
-26.551,16.003,0.94688,1.0561,17.543,19.233,87.178,32.187,52.198,221.94,1.8641,12.514,0.014464,vapor
-26.407,16.079,0.95145,1.051,17.544,19.233,87.146,32.214,52.287,221.92,1.8613,12.523,0.014485,vapor
-26.263,16.154,0.95604,1.046,17.544,19.234,87.115,32.24,52.377,221.89,1.8586,12.532,0.014506,vapor
-26.118,16.23,0.96065,1.041,17.544,19.234,87.083,32.266,52.467,221.86,1.8558,12.54,0.014528,vapor
-25.974,16.306,0.96528,1.036,17.545,19.234,87.052,32.293,52.557,221.83,1.8531,12.549,0.014549,vapor
-25.83,16.383,0.96993,1.031,17.545,19.234,87.021,32.32,52.648,221.8,1.8504,12.558,0.01457,vapor
-25.686,16.459,0.9746,1.0261,17.545,19.234,86.989,32.346,52.739,221.77,1.8476,12.567,0.014592,vapor
-25.541,16.536,0.97929,1.0211,17.546,19.234,86.958,32.373,52.83,221.74,1.8449,12.576,0.014613,vapor
-25.397,16.614,0.98399,1.0163,17.546,19.235,86.927,32.4,52.922,221.71,1.8422,12.585,0.014635,vapor
-25.253,16.691,0.98872,1.0114,17.546,19.235,86.895,32.427,53.015,221.68,1.8395,12.594,0.014656,vapor
-25.109,16.769,0.99347,1.0066,17.547,19.235,86.864,32.454,53.108,221.65,1.8368,12.603,0.014678,vapor
-24.964,16.847,0.99823,1.0018,17.547,19.235,86.833,32.481,53.202,221.62,1.8341,12.612,0.0147,vapor
-24.82,16.925,1.003,0.99699,17.547,19.235,86.801,32.508,53.296,221.59,1.8314,12.621,0.014722,vapor
-24.676,17.003,1.0078,0.99224,17.548,19.235,86.77,32.535,53.39,221.56,1.8287,12.63,0.014744,vapor
-24.532,17.082,1.0126,0.98752,17.548,19.235,86.739,32.562,53.485,221.53,1.826,12.639,0.014766,vapor
-24.387,17.161,1.0175,0.98281,17.548,19.235,86.708,32.59,53.581,221.5,1.8233,12.648,0.014788,vapor
-24.243,17.241,1.0223,0.97814,17.548,19.235,86.676,32.617,53.677,221.47,1.8206,12.657,0.01481,vapor
-24.099,17.32,1.0272,0.97349,17.549,19.235,86.645,32.645,53.773,221.43,1.818,12.666,0.014832,vapor
-23.954,17.4,1.0321,0.96886,17.549,19.235,86.614,32.672,53.87,221.4,1.8153,12.675,0.014855,vapor
-23.81,17.48,1.0371,0.96426,17.549,19.235,86.582,32.7,53.968,221.37,1.8126,12.684,0.014877,vapor
-23.666,17.561,1.042,0.95969,17.549,19.235,86.551,32.728,54.066,221.34,1.81,12.694,0.0149,vapor
-23.522,17.641,1.047,0.95514,17.55,19.235,86.52,32.755,54.165,221.3,1.8073,12.703,0.014922,vapor
-23.377,17.722,1.052,0.95061,17.55,19.234,86.488,32.783,54.264,221.27,1.8047,12.712,0.014945,vapor
-23.233,17.803,1.057,0.94611,17.55,19.234,86.457,32.811,54.363,221.23,1.802,12.721,0.014968,vapor
-23.089,17.885,1.062,0.94163,17.55,19.234,86.426,32.839,54.463,221.2,1.7994,12.73,0.014991,vapor
-22.945,17.967,1.067,0.93718,17.55,19.234,86.394,32.867,54.564,221.17,1.7968,12.74,0.015013,vapor
-22.8,18.049,1.0721,0.93275,17.55,19.234,86.363,32.895,54.665,221.13,1.7941,12.749,0.015036,vapor
-22.656,18.131,1.0772,0.92834,17.55,19.234,86.332,32.923,54.767,221.1,1.7915,12.758,0.01506,vapor
-22.512,18.214,1.0823,0.92396,17.551,19.233,86.3,32.952,54.869,221.06,1.7889,12.767,0.015083,vapor
-22.368,18.297,1.0874,0.9196,17.551,19.233,86.269,32.98,54.972,221.03,1.7863,12.777,0.015106,vapor
-22.223,18.38,1.0926,0.91526,17.551,19.233,86.238,33.009,55.076,220.99,1.7837,12.786,0.015129,vapor
-22.079,18.463,1.0978,0.91095,17.551,19.233,86.207,33.037,55.18,220.96,1.7811,12.795,0.015153,vapor
-21.935,18.547,1.1029,0.90666,17.551,19.233,86.175,33.066,55.284,220.92,1.7784,12.805,0.015176,vapor
-21.791,18.631,1.1082,0.90239,17.551,19.232,86.144,33.094,55.389,220.88,1.7759,12.814,0.0152,vapor
-21.646,18.715,1.1134,0.89815,17.551,19.232,86.113,33.123,55.495,220.85,1.7733,12.823,0.015224,vapor
-21.502,18.8,1.1187,0.89393,17.551,19.232,86.081,33.152,55.601,220.81,1.7707,12.833,0.015247,vapor
-21.358,18.884,1.1239,0.88973,17.551,19.231,86.05,33.181,55.708,220.77,1.7681,12.842,0.015271,vapor
-21.213,18.969,1.1292,0.88555,17.551,19.231,86.019,33.21,55.816,220.73,1.7655,12.852,0.015295,vapor
-21.069,19.055,1.1346,0.88139,17.551,19.231,85.987,33.239,55.924,220.7,1.7629,12.861,0.015319,vapor
-20.925,19.14,1.1399,0.87726,17.551,19.23,85.956,33.268,56.032,220.66,1.7604,12.871,0.015343,vapor
-20.781,19.226,1.1453,0.87314,17.551,19.23,85.925,33.297,56.142,220.62,1.7578,12.88,0.015368,vapor
-20.636,19.313,1.1507,0.86905,17.551,19.229,85.893,33.326,56.251,220.58,1.7552,12.89,0.015392,vapor
-20.492,19.399,1.1561,0.86498,17.551,19.229,85.862,33.356,56.362,220.54,1.7527,12.899,0.015416,vapor
-20.348,19.486,1.1615,0.86094,17.551,19.229,85.831,33.385,56.473,220.5,1.7501,12.909,0.015441,vapor
-20.204,19.573,1.167,0.85691,17.551,19.228,85.799,33.415,56.585,220.46,1.7476,12.918,0.015466,vapor
-20.059,19.66,1.1725,0.8529,17.551,19.228,85.768,33.444,56.697,220.42,1.745,12.928,0.01549,vapor
-19.915,19.748,1.178,0.84892,17.551,19.227,85.736,33.474,56.81,220.38,1.7425,12.938,0.015515,vapor
-19.771,19.836,1.1835,0.84495,17.551,19.227,85.705,33.504,56.923,220.34,1.74,12.947,0.01554,vapor
-19.627,19.924,1.189,0.84101,17.551,19.226,85.674,33.534,57.038,220.3,1.7374,12.957,0.015565,vapor
-19.482,20.012,1.1946,0.83709,17.55,19.226,85.642,33.564,57.152,220.26,1.7349,12.967,0.01559,vapor
-19.338,20.101,1.2002,0.83318,17.55,19.225,85.611,33.594,57.268,220.22,1.7324,12.976,0.015615,vapor
-19.194,20.19,1.2058,0.8293,17.55,19.225,85.58,33.624,57.384,220.18,1.7299,12.986,0.015641,vapor
-19.05,20.28,1.2115,0.82544,17.55,19.224,85.548,33.654,57.501,220.14,1.7273,12.996,0.015666,vapor
-18.905,20.369,1.2171,0.8216,17.55,19.223,85.517,33.684,57.618,220.1,1.7248,13.006,0.015692,vapor
-18.761,20.459,1.2228,0.81777,17.55,19.223,85.485,33.714,57.736,220.05,1.7223,13.015,0.015717,vapor
-18.617,20.549,1.2285,0.81397,17.549,19.222,85.454,33.745,57.855,220.01,1.7198,13.025,0.015743,vapor
-18.472,20.64,1.2343,0.81019,17.549,19.221,85.422,33.775,57.975,219.97,1.7173,13.035,0.015769,vapor
-18.328,20.731,1.24,0.80642,17.549,19.221,85.391,33.806,58.095,219.92,1.7148,13.045,0.015795,vapor
-18.184,20.822,1.2458,0.80268,17.549,19.22,85.36,33.836,58.216,219.88,1.7123,13.055,0.015821,vapor
-18.04,20.913,1.2516,0.79895,17.549,19.219,85.328,33.867,58.337,219.84,1.7098,13.065,0.015847,vapor
-17.895,21.005,1.2575,0.79525,17.548,19.219,85.297,33.898,58.46,219.79,1.7074,13.075,0.015873,vapor
-17.751,21.097,1.2633,0.79156,17.548,19.218,85.265,33.929,58.583,219.75,1.7049,13.085,0.0159,vapor
-17.607,21.189,1.2692,0.78789,17.548,19.217,85.234,33.96,58.706,219.7,1.7024,13.095,0.015926,vapor
-17.463,21.282,1.2751,0.78424,17.547,19.216,85.202,33.991,58.831,219.66,1.6999,13.105,0.015953,vapor
-17.318,21.375,1.2811,0.78061,17.547,19.216,85.171,34.022,58.956,219.61,1.6975,13.115,0.01598,vapor
-17.174,21.468,1.287,0.777,17.547,19.215,85.139,34.053,59.082,219.57,1.695,13.125,0.016006,vapor
-17.03,21.561,1.293,0.7734,17.546,19.214,85.108,34.084,59.208,219.52,1.6925,13.135,0.016033,vapor
-16.886,21.655,1.299,0.76982,17.546,19.213,85.076,34.116,59.335,219.48,1.6901,13.145,0.01606,vapor
-16.741,21.749,1.305,0.76627,17.546,19.212,85.044,34.147,59.464,219.43,1.6876,13.155,0.016088,vapor
-16.597,21.843,1.3111,0.76273,17.545,19.211,85.013,34.179,59.592,219.38,1.6852,13.165,0.016115,vapor
-16.453,21.938,1.3172,0.7592,17.545,19.21,84.981,34.21,59.722,219.34,1.6827,13.175,0.016142,vapor
-16.309,22.033,1.3233,0.7557,17.545,19.21,84.95,34.242,59.852,219.29,1.6803,13.186,0.01617,vapor
-16.164,22.128,1.3294,0.75221,17.544,19.209,84.918,34.274,59.983,219.24,1.6778,13.196,0.016197,vapor
-16.02,22.224,1.3356,0.74874,17.544,19.208,84.887,34.306,60.115,219.2,1.6754,13.206,0.016225,vapor
-15.876,22.32,1.3418,0.74529,17.543,19.207,84.855,34.338,60.248,219.15,1.673,13.216,0.016253,vapor
-15.731,22.416,1.348,0.74186,17.543,19.206,84.823,34.37,60.381,219.1,1.6705,13.227,0.016281,vapor
-15.587,22.512,1.3542,0.73844,17.542,19.205,84.792,34.402,60.516,219.05,1.6681,13.237,0.016309,vapor
-15.443,22.609,1.3605,0.73504,17.542,19.204,84.76,34.434,60.651,219,1.6657,13.247,0.016338,vapor
-15.299,22.706,1.3668,0.73165,17.541,19.203,84.728,34.466,60.787,218.95,1.6633,13.258,0.016366,vapor
-15.154,22.803,1.3731,0.72829,17.541,19.202,84.697,34.498,60.923,218.9,1.6609,13.268,0.016394,vapor
-15.01,22.901,1.3794,0.72494,17.54,19.2,84.665,34.531,61.061,218.85,1.6585,13.279,0.016423,vapor
-14.866,22.999,1.3858,0.7216,17.54,19.199,84.633,34.563,61.199,218.8,1.656,13.289,0.016452,vapor
-14.722,23.097,1.3922,0.71829,17.539,19.198,84.601,34.596,61.339,218.75,1.6536,13.299,0.016481,vapor
-14.577,23.196,1.3986,0.71499,17.539,19.197,84.57,34.628,61.479,218.7,1.6512,13.31,0.01651,vapor
-14.433,23.295,1.4051,0.7117,17.538,19.196,84.538,34.661,61.62,218.65,1.6488,13.321,0.016539,vapor
-14.289,23.394,1.4116,0.70844,17.537,19.195,84.506,34.694,61.761,218.6,1.6465,13.331,0.016568,vapor
-14.145,23.493,1.4181,0.70519,17.537,19.193,84.474,34.727,61.904,218.55,1.6441,13.342,0.016598,vapor
-14,23.593,1.4246,0.70195,17.536,19.192,84.442,34.76,62.048,218.5,1.6417,13.352,0.016627,vapor
-13.856,23.693,1.4312,0.69873,17.535,19.191,84.411,34.793,62.192,218.44,1.6393,13.363,0.016657,vapor
-13.712,23.794,1.4378,0.69553,17.535,19.19,84.379,34.826,62.337,218.39,1.6369,13.374,0.016687,vapor
-13.568,23.895,1.4444,0.69234,17.534,19.188,84.347,34.859,62.484,218.34,1.6345,13.384,0.016717,vapor
-13.423,23.996,1.451,0.68917,17.533,19.187,84.315,34.892,62.631,218.29,1.6322,13.395,0.016747,vapor
-13.279,24.097,1.4577,0.68601,17.533,19.186,84.283,34.926,62.779,218.23,1.6298,13.406,0.016777,vapor
-13.135,24.199,1.4644,0.68287,17.532,19.185,84.251,34.959,62.928,218.18,1.6274,13.417,0.016808,vapor
-12.99,24.301,1.4711,0.67974,17.531,19.183,84.219,34.992,63.078,218.13,1.6251,13.427,0.016838,vapor
-12.846,24.403,1.4779,0.67663,17.531,19.182,84.187,35.026,63.229,218.07,1.6227,13.438,0.016869,vapor
-12.702,24.506,1.4847,0.67354,17.53,19.18,84.155,35.06,63.38,218.02,1.6203,13.449,0.0169,vapor
-12.558,24.609,1.4915,0.67046,17.529,19.179,84.123,35.093,63.533,217.96,1.618,13.46,0.016931,vapor
-12.413,24.712,1.4984,0.66739,17.528,19.178,84.091,35.127,63.687,217.91,1.6156,13.471,0.016962,vapor
-12.269,24.815,1.5052,0.66434,17.527,19.176,84.059,35.161,63.842,217.85,1.6133,13.482,0.016993,vapor
-12.125,24.919,1.5122,0.66131,17.527,19.175,84.027,35.195,63.997,217.8,1.611,13.493,0.017025,vapor
-11.981,25.024,1.5191,0.65829,17.526,19.173,83.995,35.229,64.154,217.74,1.6086,13.504,0.017056,vapor
-11.836,25.128,1.5261,0.65528,17.525,19.172,83.963,35.263,64.312,217.68,1.6063,13.515,0.017088,vapor
-11.692,25.233,1.5331,0.65229,17.524,19.17,83.931,35.298,64.471,217.63,1.6039,13.526,0.01712,vapor
-11.548,25.338,1.5401,0.64931,17.523,19.168,83.898,35.332,64.631,217.57,1.6016,13.537,0.017152,vapor
-11.404,25.444,1.5472,0.64635,17.522,19.167,83.866,35.366,64.791,217.51,1.5993,13.549,0.017184,vapor
-11.259,25.549,1.5542,0.6434,17.521,19.165,83.834,35.401,64.953,217.46,1.597,13.56,0.017217,vapor
-11.115,25.656,1.5614,0.64046,17.52,19.164,83.802,35.435,65.116,217.4,1.5946,13.571,0.017249,vapor
-10.971,25.762,1.5685,0.63754,17.519,19.162,83.77,35.47,65.28,217.34,1.5923,13.582,0.017282,vapor
-10.827,25.869,1.5757,0.63464,17.519,19.16,83.737,35.505,65.445,217.28,1.59,13.594,0.017315,vapor
-10.682,25.976,1.5829,0.63174,17.518,19.159,83.705,35.539,65.612,217.23,1.5877,13.605,0.017348,vapor
-10.538,26.083,1.5902,0.62886,17.517,19.157,83.673,35.574,65.779,217.17,1.5854,13.616,0.017381,vapor
-10.394,26.191,1.5974,0.626,17.516,19.155,83.64,35.609,65.947,217.11,1.5831,13.628,0.017415,vapor
-10.249,26.299,1.6048,0.62315,17.515,19.153,83.608,35.644,66.117,217.05,1.5808,13.639,0.017448,vapor
-10.105,26.408,1.6121,0.62031,17.513,19.152,83.575,35.679,66.288,216.99,1.5785,13.651,0.017482,vapor
-9.9609,26.516,1.6195,0.61748,17.512,19.15,83.543,35.714,66.46,216.93,1.5762,13.662,0.017516,vapor
-9.8167,26.625,1.6269,0.61467,17.511,19.148,83.51,35.75,66.633,216.87,1.5739,13.674,0.01755,vapor
-9.6724,26.735,1.6343,0.61187,17.51,19.146,83.478,35.785,66.807,216.81,1.5716,13.685,0.017584,vapor
-9.5282,26.844,1.6418,0.60909,17.509,19.144,83.445,35.821,66.982,216.75,1.5693,13.697,0.017619,vapor
-9.3839,26.954,1.6493,0.60632,17.508,19.142,83.413,35.856,67.159,216.69,1.567,13.708,0.017654,vapor
-9.2396,27.065,1.6568,0.60356,17.507,19.14,83.38,35.892,67.337,216.62,1.5647,13.72,0.017688,vapor
-9.0954,27.176,1.6644,0.60081,17.506,19.138,83.348,35.927,67.516,216.56,1.5624,13.732,0.017723,vapor
-8.9511,27.287,1.672,0.59808,17.504,19.136,83.315,35.963,67.696,216.5,1.5602,13.744,0.017759,vapor
-8.8068,27.398,1.6797,0.59536,17.503,19.134,83.282,35.999,67.878,216.44,1.5579,13.755,0.017794,vapor
-8.6626,27.51,1.6873,0.59265,17.502,19.132,83.25,36.035,68.061,216.38,1.5556,13.767,0.01783,vapor
-8.5183,27.622,1.695,0.58996,17.501,19.13,83.217,36.071,68.245,216.31,1.5533,13.779,0.017865,vapor
-8.374,27.734,1.7028,0.58728,17.5,19.128,83.184,36.107,68.43,216.25,1.5511,13.791,0.017901,vapor
-8.2298,27.847,1.7105,0.58461,17.498,19.126,83.151,36.144,68.617,216.19,1.5488,13.803,0.017937,vapor
-8.0855,27.96,1.7184,0.58195,17.497,19.124,83.119,36.18,68.805,216.12,1.5465,13.815,0.017974,vapor
-7.9413,28.073,1.7262,0.57931,17.496,19.122,83.086,36.216,68.995,216.06,1.5443,13.827,0.01801,vapor
-7.797,28.187,1.7341,0.57667,17.494,19.12,83.053,36.253,69.185,215.99,1.542,13.839,0.018047,vapor
-7.6527,28.301,1.742,0.57405,17.493,19.118,83.02,36.289,69.378,215.93,1.5398,13.851,0.018084,vapor
-7.5085,28.415,1.7499,0.57145,17.492,19.115,82.987,36.326,69.571,215.86,1.5375,13.863,0.018121,vapor
-7.3642,28.53,1.7579,0.56885,17.49,19.113,82.954,36.363,69.766,215.8,1.5353,13.875,0.018159,vapor
-7.2199,28.645,1.766,0.56626,17.489,19.111,82.921,36.4,69.963,215.73,1.533,13.888,0.018196,vapor
-7.0757,28.76,1.774,0.56369,17.488,19.109,82.888,36.437,70.16,215.67,1.5308,13.9,0.018234,vapor
-6.9314,28.876,1.7821,0.56113,17.486,19.106,82.855,36.474,70.36,215.6,1.5285,13.912,0.018272,vapor
-6.7871,28.992,1.7902,0.55858,17.485,19.104,82.821,36.511,70.561,215.53,1.5263,13.925,0.01831,vapor
-6.6429,29.109,1.7984,0.55605,17.483,19.102,82.788,36.548,70.763,215.47,1.524,13.937,0.018349,vapor
-6.4986,29.225,1.8066,0.55352,17.482,19.099,82.755,36.586,70.967,215.4,1.5218,13.949,0.018387,vapor
-6.3544,29.343,1.8149,0.55101,17.48,19.097,82.722,36.623,71.172,215.33,1.5196,13.962,0.018426,vapor
-6.2101,29.46,1.8231,0.5485,17.479,19.095,82.689,36.661,71.379,215.26,1.5173,13.974,0.018465,vapor
-6.0658,29.578,1.8315,0.54601,17.477,19.092,82.655,36.698,71.587,215.2,1.5151,13.987,0.018505,vapor
-5.9216,29.696,1.8398,0.54353,17.476,19.09,82.622,36.736,71.797,215.13,1.5129,14,0.018544,vapor
-5.7773,29.814,1.8482,0.54107,17.474,19.087,82.588,36.774,72.009,215.06,1.5107,14.012,0.018584,vapor
-5.633,29.933,1.8566,0.53861,17.472,19.085,82.555,36.812,72.222,214.99,1.5084,14.025,0.018624,vapor
-5.4888,30.052,1.8651,0.53616,17.471,19.082,82.521,36.85,72.437,214.92,1.5062,14.038,0.018664,vapor
-5.3445,30.172,1.8736,0.53373,17.469,19.079,82.488,36.888,72.653,214.85,1.504,14.05,0.018705,vapor
-5.2003,30.292,1.8822,0.5313,17.467,19.077,82.454,36.926,72.872,214.78,1.5018,14.063,0.018746,vapor
-5.056,30.412,1.8908,0.52889,17.466,19.074,82.421,36.965,73.092,214.71,1.4995,14.076,0.018787,vapor
-4.9117,30.533,1.8994,0.52649,17.464,19.071,82.387,37.003,73.313,214.64,1.4973,14.089,0.018828,vapor
-4.7675,30.653,1.9081,0.52409,17.462,19.069,82.353,37.042,73.537,214.57,1.4951,14.102,0.018869,vapor
-4.6232,30.775,1.9168,0.52171,17.461,19.066,82.32,37.081,73.762,214.5,1.4929,14.115,0.018911,vapor
-4.4789,30.896,1.9255,0.51934,17.459,19.063,82.286,37.119,73.989,214.43,1.4907,14.128,0.018953,vapor
-4.3347,31.018,1.9343,0.51698,17.457,19.061,82.252,37.158,74.218,214.35,1.4885,14.141,0.018995,vapor
-4.1904,31.141,1.9431,0.51463,17.455,19.058,82.218,37.197,74.448,214.28,1.4863,14.155,0.019038,vapor
-4.0461,31.263,1.952,0.5123,17.453,19.055,82.184,37.237,74.681,214.21,1.4841,14.168,0.019081,vapor
-3.9019,31.386,1.9609,0.50997,17.451,19.052,82.15,37.276,74.915,214.14,1.4819,14.181,0.019124,vapor
-3.7576,31.51,1.9699,0.50765,17.45,19.049,82.116,37.315,75.151,214.06,1.4797,14.194,0.019167,vapor
-3.6134,31.634,1.9789,0.50534,17.448,19.046,82.082,37.355,75.389,213.99,1.4775,14.208,0.019211,vapor
-3.4691,31.758,1.9879,0.50304,17.446,19.043,82.048,37.394,75.629,213.92,1.4753,14.221,0.019255,vapor
-3.3248,31.882,1.997,0.50076,17.444,19.04,82.014,37.434,75.872,213.84,1.4731,14.235,0.019299,vapor
-3.1806,32.007,2.0061,0.49848,17.442,19.037,81.98,37.474,76.116,213.77,1.4709,14.248,0.019343,vapor
-3.0363,32.132,2.0153,0.49621,17.44,19.034,81.945,37.514,76.362,213.69,1.4687,14.262,0.019388,vapor
-2.892,32.258,2.0245,0.49395,17.438,19.031,81.911,37.554,76.61,213.62,1.4665,14.275,0.019433,vapor
-2.7478,32.384,2.0337,0.49171,17.436,19.028,81.877,37.594,76.86,213.54,1.4643,14.289,0.019478,vapor
-2.6035,32.51,2.043,0.48947,17.434,19.025,81.842,37.634,77.113,213.47,1.4621,14.303,0.019524,vapor
-2.4592,32.636,2.0524,0.48724,17.432,19.022,81.808,37.675,77.367,213.39,1.4599,14.317,0.01957,vapor
-2.315,32.763,2.0618,0.48502,17.43,19.019,81.773,37.716,77.624,213.31,1.4577,14.331,0.019616,vapor
-2.1707,32.891,2.0712,0.48281,17.428,19.016,81.739,37.756,77.883,213.24,1.4555,14.344,0.019662,vapor
-2.0265,33.019,2.0807,0.48061,17.425,19.012,81.704,37.797,78.144,213.16,1.4533,14.358,0.019709,vapor
-1.8822,33.147,2.0902,0.47842,17.423,19.009,81.669,37.838,78.408,213.08,1.4512,14.372,0.019756,vapor
-1.7379,33.275,2.0998,0.47624,17.421,19.006,81.634,37.879,78.674,213,1.449,14.387,0.019803,vapor
-1.5937,33.404,2.1094,0.47407,17.419,19.002,81.6,37.92,78.942,212.93,1.4468,14.401,0.019851,vapor
-1.4494,33.533,2.119,0.47191,17.417,18.999,81.565,37.962,79.212,212.85,1.4446,14.415,0.019899,vapor
-1.3051,33.663,2.1287,0.46976,17.414,18.996,81.53,38.003,79.485,212.77,1.4424,14.429,0.019948,vapor
-1.1609,33.793,2.1385,0.46762,17.412,18.992,81.495,38.045,79.76,212.69,1.4402,14.444,0.019996,vapor
-1.0166,33.923,2.1483,0.46548,17.41,18.989,81.46,38.087,80.038,212.61,1.438,14.458,0.020045,vapor
-0.87235,34.053,2.1582,0.46336,17.407,18.985,81.425,38.129,80.318,212.53,1.4359,14.472,0.020095,vapor
-0.72809,34.184,2.1681,0.46124,17.405,18.982,81.39,38.171,80.601,212.45,1.4337,14.487,0.020144,vapor
-0.58383,34.316,2.178,0.45914,17.403,18.978,81.354,38.213,80.886,212.37,1.4315,14.501,0.020194,vapor
-0.43956,34.448,2.188,0.45704,17.4,18.975,81.319,38.255,81.174,212.29,1.4293,14.516,0.020245,vapor
-0.2953,34.58,2.198,0.45495,17.398,18.971,81.284,38.298,81.464,212.21,1.4271,14.531,0.020296,vapor
-0.15104,34.712,2.2081,0.45287,17.395,18.967,81.248,38.341,81.758,212.13,1.425,14.546,0.020347,vapor
-0.0067733,34.845,2.2183,0.4508,17.393,18.964,81.213,38.383,82.054,212.04,1.4228,14.56,0.020398,vapor
0.13749,34.978,2.2285,0.44874,17.39,18.96,81.177,38.426,82.352,211.96,1.4206,14.575,0.02045,vapor
0.28175,35.112,2.2387,0.44668,17.388,18.956,81.142,38.469,82.654,211.88,1.4184,14.59,0.020502,vapor
0.42602,35.246,2.249,0.44464,17.385,18.952,81.106,38.513,82.958,211.8,1.4163,14.605,0.020555,vapor
0.57028,35.38,2.2594,0.4426,17.383,18.949,81.07,38.556,83.265,211.71,1.4141,14.62,0.020608,vapor
0.71454,35.515,2.2698,0.44057,17.38,18.945,81.035,38.6,83.575,211.63,1.4119,14.636,0.020661,vapor
0.85881,35.65,2.2802,0.43855,17.377,18.941,80.999,38.644,83.888,211.55,1.4097,14.651,0.020715,vapor
1.0031,35.786,2.2907,0.43654,17.375,18.937,80.963,38.687,84.204,211.46,1.4075,14.666,0.020769,vapor
1.1473,35.922,2.3013,0.43454,17.372,18.933,80.927,38.732,84.523,211.38,1.4054,14.681,0.020823,vapor
1.2916,36.058,2.3119,0.43254,17.369,18.929,80.891,38.776,84.846,211.29,1.4032,14.697,0.020878,vapor
1.4359,36.195,2.3226,0.43056,17.367,18.925,80.855,38.82,85.171,211.21,1.401,14.712,0.020934,vapor
1.5801,36.332,2.3333,0.42858,17.364,18.921,80.818,38.865,85.499,211.12,1.3988,14.728,0.020989,vapor
1.7244,36.469,2.3441,0.42661,17.361,18.917,80.782,38.91,85.831,211.03,1.3966,14.744,0.021046,vapor
1.8687,36.607,2.3549,0.42465,17.358,18.913,80.746,38.954,86.166,210.95,1.3945,14.759,0.021102,vapor
2.0129,36.745,2.3658,0.42269,17.355,18.909,80.709,39,86.505,210.86,1.3923,14.775,0.021159,vapor
2.1572,36.884,2.3767,0.42075,17.352,18.904,80.673,39.045,86.846,210.77,1.3901,14.791,0.021216,vapor
2.3014,37.023,2.3877,0.41881,17.35,18.9,80.636,39.09,87.191,210.69,1.3879,14.807,0.021274,vapor
2.4457,37.162,2.3988,0.41688,17.347,18.896,80.599,39.136,87.54,210.6,1.3857,14.823,0.021333,vapor
2.59,37.302,2.4099,0.41496,17.344,18.892,80.563,39.182,87.892,210.51,1.3836,14.839,0.021391,vapor
2.7342,37.442,2.4211,0.41304,17.341,18.887,80.526,39.228,88.248,210.42,1.3814,14.856,0.021451,vapor
2.8785,37.583,2.4323,0.41114,17.338,18.883,80.489,39.274,88.608,210.33,1.3792,14.872,0.02151,vapor
3.0228,37.723,2.4436,0.40924,17.335,18.878,80.452,39.32,88.971,210.24,1.377,14.888,0.02157,vapor
3.167,37.865,2.4549,0.40735,17.331,18.874,80.415,39.367,89.338,210.15,1.3748,14.905,0.021631,vapor
3.3113,38.007,2.4663,0.40546,17.328,18.869,80.378,39.414,89.709,210.06,1.3726,14.921,0.021692,vapor
3.4555,38.149,2.4778,0.40359,17.325,18.865,80.34,39.461,90.084,209.97,1.3704,14.938,0.021754,vapor
3.5998,38.291,2.4893,0.40172,17.322,18.86,80.303,39.508,90.462,209.88,1.3683,14.954,0.021816,vapor
3.7441,38.434,2.5009,0.39986,17.319,18.856,80.266,39.555,90.845,209.79,1.3661,14.971,0.021878,vapor
3.8883,38.577,2.5125,0.398,17.316,18.851,80.228,39.603,91.232,209.7,1.3639,14.988,0.021941,vapor
4.0326,38.721,2.5243,0.39616,17.312,18.846,80.191,39.651,91.623,209.6,1.3617,15.005,0.022005,vapor
4.1769,38.865,2.536,0.39432,17.309,18.841,80.153,39.698,92.018,209.51,1.3595,15.022,0.022069,vapor
4.3211,39.009,2.5479,0.39248,17.306,18.837,80.115,39.747,92.418,209.42,1.3573,15.039,0.022134,vapor
4.4654,39.154,2.5598,0.39066,17.302,18.832,80.077,39.795,92.822,209.32,1.3551,15.057,0.022199,vapor
4.6097,39.3,2.5717,0.38884,17.299,18.827,80.039,39.844,93.23,209.23,1.3529,15.074,0.022264,vapor
4.7539,39.445,2.5838,0.38703,17.295,18.822,80.001,39.893,93.643,209.14,1.3507,15.091,0.022331,vapor
4.8982,39.591,2.5959,0.38523,17.292,18.817,79.963,39.942,94.06,209.04,1.3485,15.109,0.022397,vapor
5.0424,39.738,2.608,0.38343,17.288,18.812,79.925,39.991,94.483,208.95,1.3463,15.126,0.022465,vapor
5.1867,39.885,2.6203,0.38164,17.285,18.807,79.887,40.04,94.91,208.85,1.3441,15.144,0.022533,vapor
5.331,40.032,2.6326,0.37986,17.281,18.802,79.848,40.09,95.341,208.75,1.3419,15.162,0.022601,vapor
5.4752,40.18,2.6449,0.37808,17.278,18.797,79.81,40.14,95.778,208.66,1.3397,15.18,0.02267,vapor
5.6195,40.328,2.6574,0.37631,17.274,18.792,79.771,40.19,96.22,208.56,1.3374,15.198,0.02274,vapor
5.7638,40.476,2.6699,0.37455,17.27,18.786,79.732,40.241,96.667,208.46,1.3352,15.216,0.02281,vapor
5.908,40.625,2.6824,0.3728,17.267,18.781,79.693,40.291,97.119,208.37,1.333,15.234,0.022881,vapor
6.0523,40.774,2.6951,0.37105,17.263,18.776,79.655,40.342,97.576,208.27,1.3308,15.252,0.022953,vapor
6.1966,40.924,2.7078,0.36931,17.259,18.77,79.615,40.393,98.039,208.17,1.3286,15.271,0.023025,vapor
6.3408,41.074,2.7206,0.36757,17.255,18.765,79.576,40.445,98.507,208.07,1.3264,15.289,0.023097,vapor
6.4851,41.225,2.7334,0.36584,17.251,18.76,79.537,40.496,98.981,207.97,1.3241,15.308,0.023171,vapor
6.6293,41.376,2.7464,0.36412,17.247,18.754,79.498,40.548,99.46,207.87,1.3219,15.327,0.023245,vapor
6.7736,41.527,2.7594,0.3624,17.244,18.749,79.458,40.6,99.945,207.77,1.3197,15.345,0.02332,vapor
6.9179,41.679,2.7724,0.36069,17.24,18.743,79.419,40.653,100.44,207.67,1.3174,15.364,0.023395,vapor
7.0621,41.831,2.7856,0.35899,17.236,18.737,79.379,40.706,100.93,207.57,1.3152,15.383,0.023471,vapor
7.2064,41.984,2.7988,0.35729,17.232,18.732,79.339,40.759,101.44,207.47,1.313,15.403,0.023548,vapor
7.3507,42.137,2.8121,0.3556,17.227,18.726,79.299,40.812,101.95,207.37,1.3107,15.422,0.023625,vapor
7.4949,42.29,2.8255,0.35392,17.223,18.72,79.259,40.865,102.46,207.26,1.3085,15.441,0.023704,vapor
7.6392,42.444,2.839,0.35224,17.219,18.714,79.219,40.919,102.98,207.16,1.3062,15.461,0.023783,vapor
7.7834,42.598,2.8525,0.35057,17.215,18.708,79.179,40.973,103.51,207.06,1.304,15.481,0.023862,vapor
7.9277,42.753,2.8661,0.3489,17.211,18.702,79.138,41.027,104.05,206.95,1.3017,15.5,0.023943,vapor
8.072,42.908,2.8798,0.34724,17.206,18.696,79.098,41.082,104.59,206.85,1.2995,15.52,0.024024,vapor
8.2162,43.064,2.8936,0.34559,17.202,18.69,79.057,41.137,105.14,206.74,1.2972,15.54,0.024106,vapor
8.3605,43.219,2.9075,0.34394,17.198,18.684,79.016,41.192,105.7,206.64,1.2949,15.56,0.024188,vapor
8.5048,43.376,2.9214,0.3423,17.193,18.678,78.975,41.248,106.26,206.53,1.2927,15.581,0.024272,vapor
8.649,43.533,2.9354,0.34066,17.189,18.672,78.934,41.304,106.83,206.43,1.2904,15.601,0.024356,vapor
8.7933,43.69,2.9496,0.33903,17.184,18.666,78.893,41.36,107.41,206.32,1.2881,15.622,0.024441,vapor
8.9376,43.848,2.9638,0.33741,17.18,18.659,78.852,41.416,108,206.21,1.2858,15.642,0.024527,vapor
9.0818,44.006,2.978,0.33579,17.175,18.653,78.811,41.473,108.59,206.1,1.2835,15.663,0.024614,vapor
9.2261,44.164,2.9924,0.33418,17.171,18.646,78.769,41.53,109.19,206,1.2812,15.684,0.024702,vapor
9.3703,44.323,3.0069,0.33257,17.166,18.64,78.727,41.587,109.8,205.89,1.2789,15.705,0.02479,vapor
9.5146,44.482,3.0214,0.33097,17.161,18.633,78.685,41.645,110.42,205.78,1.2767,15.726,0.02488,vapor
9.6589,44.642,3.0361,0.32937,17.156,18.627,78.643,41.703,111.05,205.67,1.2743,15.748,0.02497,vapor
9.8031,44.802,3.0508,0.32778,17.152,18.62,78.601,41.762,111.69,205.56,1.272,15.769,0.025061,vapor
9.9474,44.963,3.0656,0.3262,17.147,18.614,78.559,41.82,112.33,205.45,1.2697,15.791,0.025153,vapor
10.092,45.124,3.0805,0.32462,17.142,18.607,78.517,41.879,112.98,205.34,1.2674,15.812,0.025246,vapor
10.236,45.286,3.0956,0.32304,17.137,18.6,78.474,41.939,113.65,205.22,1.2651,15.834,0.02534,vapor
10.38,45.448,3.1107,0.32148,17.132,18.593,78.431,41.999,114.32,205.11,1.2628,15.856,0.025436,vapor
10.524,45.61,3.1259,0.31991,17.127,18.586,78.388,42.059,115,205,1.2604,15.879,0.025532,vapor
10.669,45.773,3.1412,0.31835,17.122,18.579,78.345,42.119,115.7,204.89,1.2581,15.901,0.025629,vapor
10.813,45.936,3.1566,0.3168,17.117,18.572,78.302,42.18,116.4,204.77,1.2557,15.924,0.025727,vapor
10.957,46.1,3.1721,0.31525,17.112,18.565,78.259,42.241,117.11,204.66,1.2534,15.946,0.025826,vapor
11.102,46.264,3.1877,0.31371,17.106,18.558,78.215,42.303,117.83,204.54,1.251,15.969,0.025926,vapor
11.246,46.429,3.2034,0.31217,17.101,18.55,78.172,42.365,118.57,204.43,1.2487,15.992,0.026027,vapor
11.39,46.594,3.2192,0.31064,17.096,18.543,78.128,42.428,119.31,204.31,1.2463,16.016,0.02613,vapor
11.534,46.759,3.2351,0.30911,17.09,18.536,78.084,42.49,120.07,204.19,1.2439,16.039,0.026233,vapor
11.679,46.925,3.2511,0.30759,17.085,18.528,78.04,42.554,120.84,204.08,1.2416,16.062,0.026338,vapor
11.823,47.092,3.2672,0.30607,17.079,18.521,77.995,42.617,121.62,203.96,1.2392,16.086,0.026443,vapor
11.967,47.258,3.2834,0.30456,17.074,18.513,77.951,42.682,122.41,203.84,1.2368,16.11,0.02655,vapor
12.111,47.426,3.2998,0.30305,17.068,18.505,77.906,42.746,123.21,203.72,1.2344,16.134,0.026658,vapor
12.256,47.593,3.3162,0.30155,17.062,18.498,77.861,42.811,124.03,203.6,1.232,16.158,0.026768,vapor
12.4,47.762,3.3328,0.30005,17.057,18.49,77.816,42.876,124.86,203.48,1.2296,16.183,0.026878,vapor
12.544,47.93,3.3494,0.29856,17.051,18.482,77.771,42.942,125.7,203.36,1.2271,16.208,0.02699,vapor
12.688,48.099,3.3662,0.29707,17.045,18.474,77.725,43.008,126.56,203.24,1.2247,16.232,0.027103,vapor
12.833,48.269,3.3831,0.29559,17.039,18.466,77.68,43.075,127.43,203.12,1.2223,16.258,0.027218,vapor
12.977,48.439,3.4001,0.29411,17.033,18.458,77.634,43.142,128.32,203,1.2198,16.283,0.027333,vapor
13.121,48.609,3.4173,0.29263,17.027,18.45,77.588,43.21,129.22,202.87,1.2174,16.308,0.027451,vapor
13.265,48.78,3.4345,0.29116,17.021,18.441,77.542,43.278,130.13,202.75,1.2149,16.334,0.027569,vapor
13.41,48.952,3.4519,0.28969,17.015,18.433,77.495,43.347,131.06,202.62,1.2125,16.36,0.027689,vapor
13.554,49.123,3.4694,0.28823,17.009,18.425,77.449,43.416,132.01,202.5,1.21,16.386,0.02781,vapor
13.698,49.296,3.4871,0.28677,17.003,18.416,77.402,43.486,132.97,202.37,1.2075,16.412,0.027933,vapor
13.843,49.469,3.5048,0.28532,16.996,18.408,77.355,43.556,133.95,202.25,1.205,16.439,0.028058,vapor
13.987,49.642,3.5227,0.28387,16.99,18.399,77.308,43.627,134.95,202.12,1.2025,16.465,0.028184,vapor
14.131,49.815,3.5407,0.28243,16.983,18.39,77.26,43.698,135.96,201.99,1.2,16.492,0.028311,vapor
14.275,49.99,3.5589,0.28099,16.977,18.382,77.212,43.77,136.99,201.86,1.1975,16.519,0.02844,vapor
14.42,50.164,3.5772,0.27955,16.97,18.373,77.164,43.842,138.04,201.73,1.195,16.547,0.028571,vapor
14.564,50.339,3.5956,0.27812,16.964,18.364,77.116,43.915,139.11,201.6,1.1925,16.574,0.028703,vapor
14.708,50.515,3.6141,0.27669,16.957,18.355,77.068,43.989,140.2,201.47,1.1899,16.602,0.028837,vapor
14.852,50.691,3.6328,0.27527,16.95,18.345,77.019,44.063,141.31,201.34,1.1874,16.63,0.028972,vapor
14.997,50.867,3.6517,0.27385,16.943,18.336,76.97,44.137,142.44,201.21,1.1848,16.659,0.02911,vapor
15.141,51.044,3.6707,0.27243,16.936,18.327,76.921,44.213,143.59,201.08,1.1822,16.688,0.029249,vapor
15.285,51.222,3.6898,0.27102,16.929,18.318,76.872,44.288,144.76,200.94,1.1796,16.716,0.02939,vapor
15.429,51.4,3.7091,0.26961,16.922,18.308,76.822,44.365,145.95,200.81,1.177,16.746,0.029533,vapor
15.574,51.578,3.7285,0.2682,16.915,18.298,76.772,44.442,147.17,200.68,1.1744,16.775,0.029678,vapor
15.718,51.757,3.7481,0.2668,16.908,18.289,76.722,44.52,148.41,200.54,1.1718,16.805,0.029825,vapor
15.862,51.936,3.7678,0.2654,16.901,18.279,76.672,44.598,149.68,200.4,1.1692,16.835,0.029973,vapor
16.006,52.116,3.7877,0.26401,16.893,18.269,76.621,44.678,150.97,200.27,1.1665,16.865,0.030124,vapor
16.151,52.296,3.8078,0.26262,16.886,18.259,76.57,44.757,152.28,200.13,1.1639,16.896,0.030277,vapor
16.295,52.477,3.828,0.26123,16.878,18.249,76.519,44.838,153.63,199.99,1.1612,16.926,0.030432,vapor
16.439,52.658,3.8484,0.25985,16.871,18.239,76.468,44.919,155,199.85,1.1585,16.958,0.030589,vapor
16.584,52.84,3.869,0.25847,16.863,18.229,76.416,45.001,156.4,199.71,1.1559,16.989,0.030748,vapor
16.728,53.022,3.8897,0.25709,16.855,18.218,76.364,45.084,157.82,199.57,1.1532,17.021,0.03091,vapor
16.872,53.205,3.9106,0.25572,16.847,18.208,76.311,45.167,159.28,199.42,1.1504,17.053,0.031074,vapor
17.016,53.388,3.9316,0.25435,16.839,18.197,76.259,45.252,160.77,199.28,1.1477,17.085,0.03124,vapor
17.161,53.572,3.9529,0.25298,16.831,18.186,76.206,45.337,162.29,199.14,1.145,17.118,0.031409,vapor
17.305,53.756,3.9743,0.25161,16.823,18.175,76.152,45.423,163.85,198.99,1.1422,17.151,0.03158,vapor
17.449,53.941,3.996,0.25025,16.815,18.165,76.099,45.509,165.44,198.85,1.1394,17.185,0.031754,vapor
17.593,54.126,4.0178,0.24889,16.806,18.153,76.045,45.597,167.06,198.7,1.1367,17.218,0.031931,vapor
17.738,54.312,4.0398,0.24754,16.798,18.142,75.991,45.685,168.72,198.55,1.1338,17.253,0.03211,vapor
17.882,54.498,4.062,0.24619,16.789,18.131,75.936,45.775,170.42,198.4,1.131,17.287,0.032292,vapor
18.026,54.685,4.0843,0.24484,16.781,18.12,75.881,45.865,172.16,198.25,1.1282,17.322,0.032476,vapor
18.17,54.872,4.1069,0.24349,16.772,18.108,75.826,45.956,173.93,198.1,1.1254,17.357,0.032664,vapor
18.315,55.06,4.1297,0.24215,16.763,18.096,75.77,46.048,175.75,197.95,1.1225,17.393,0.032854,vapor
18.459,55.248,4.1527,0.2408,16.754,18.085,75.714,46.141,177.62,197.8,1.1196,17.429,0.033048,vapor
18.603,55.437,4.176,0.23947,16.745,18.073,75.658,46.235,179.52,197.64,1.1167,17.465,0.033244,vapor
18.747,55.626,4.1994,0.23813,16.736,18.061,75.601,46.33,181.48,197.49,1.1138,17.502,0.033444,vapor
18.892,55.816,4.2231,0.23679,16.727,18.048,75.544,46.426,183.48,197.33,1.1109,17.54,0.033647,vapor
19.036,56.006,4.2469,0.23546,16.717,18.036,75.486,46.523,185.53,197.18,1.1079,17.577,0.033854,vapor
19.18,56.197,4.2711,0.23413,16.708,18.024,75.428,46.622,187.64,197.02,1.1049,17.616,0.034064,vapor
19.325,56.388,4.2954,0.23281,16.698,18.011,75.37,46.721,189.8,196.86,1.1019,17.654,0.034277,vapor
19.469,56.58,4.32,0.23148,16.689,17.998,75.311,46.821,192.01,196.7,1.0989,17.693,0.034494,vapor
19.613,56.772,4.3448,0.23016,16.679,17.985,75.252,46.923,194.28,196.53,1.0959,17.733,0.034715,vapor
19.757,56.965,4.3699,0.22884,16.669,17.972,75.192,47.026,196.61,196.37,1.0928,17.773,0.03494,vapor
19.902,57.158,4.3953,0.22752,16.659,17.959,75.132,47.13,199.01,196.21,1.0898,17.814,0.035169,vapor
20.046,57.352,4.4208,0.2262,16.649,17.946,75.071,47.235,201.47,196.04,1.0867,17.855,0.035401,vapor
20.19,57.547,4.4467,0.22489,16.638,17.932,75.01,47.342,204,195.87,1.0836,17.896,0.035638,vapor
20.334,57.741,4.4728,0.22357,16.628,17.919,74.949,47.45,206.6,195.7,1.0804,17.938,0.03588,vapor
20.479,57.937,4.4992,0.22226,16.617,17.905,74.887,47.56,209.27,195.53,1.0773,17.981,0.036125,vapor
20.623,58.133,4.5259,0.22095,16.606,17.891,74.824,47.67,212.02,195.36,1.0741,18.024,0.036376,vapor
20.767,58.329,4.5529,0.21964,16.595,17.877,74.761,47.783,214.85,195.19,1.0709,18.068,0.036631,vapor
20.911,58.527,4.5802,0.21833,16.584,17.862,74.698,47.897,217.76,195.01,1.0676,18.113,0.036891,vapor
21.056,58.724,4.6078,0.21702,16.573,17.848,74.634,48.012,220.76,194.84,1.0644,18.158,0.037156,vapor
21.2,58.922,4.6357,0.21572,16.562,17.833,74.569,48.129,223.85,194.66,1.0611,18.204,0.037426,vapor
21.344,59.121,4.6639,0.21441,16.55,17.818,74.504,48.247,227.04,194.48,1.0578,18.25,0.037702,vapor
21.488,59.32,4.6924,0.21311,16.539,17.803,74.438,48.368,230.33,194.3,1.0544,18.297,0.037983,vapor
21.633,59.52,4.7213,0.21181,16.527,17.788,74.372,48.49,233.72,194.11,1.0511,18.345,0.03827,vapor
21.777,59.72,4.7505,0.21051,16.515,17.772,74.305,48.613,237.23,193.93,1.0477,18.393,0.038563,vapor
21.921,59.921,4.78,0.2092,16.503,17.756,74.237,48.739,240.85,193.74,1.0442,18.442,0.038863,vapor
22.066,60.122,4.8099,0.2079,16.49,17.74,74.169,48.867,244.58,193.55,1.0408,18.492,0.039168,vapor
22.21,60.324,4.8402,0.2066,16.478,17.724,74.1,48.996,248.45,193.36,1.0373,18.543,0.03948,vapor
22.354,60.527,4.8709,0.2053,16.465,17.708,74.03,49.128,252.45,193.17,1.0338,18.594,0.039799,vapor
22.498,60.73,4.9019,0.204,16.452,17.691,73.96,49.261,256.59,192.97,1.0302,18.647,0.040126,vapor
22.643,60.934,4.9333,0.2027,16.439,17.674,73.889,49.397,260.88,192.77,1.0266,18.7,0.040459,vapor
22.787,61.138,4.9652,0.2014,16.426,17.657,73.817,49.536,265.32,192.57,1.023,18.754,0.0408,vapor
22.931,61.342,4.9975,0.2001,16.412,17.64,73.745,49.676,269.93,192.37,1.0193,18.809,0.04115,vapor
23.075,61.548,5.0302,0.1988,16.399,17.622,73.671,49.819,274.71,192.17,1.0156,18.864,0.041507,vapor
23.22,61.754,5.0633,0.1975,16.385,17.604,73.597,49.964,279.68,191.96,1.0119,18.921,0.041874,vapor
23.364,61.96,5.097,0.1962,16.371,17.586,73.523,50.113,284.84,191.75,1.0081,18.979,0.042249,vapor
23.508,62.167,5.131,0.19489,16.356,17.568,73.447,50.263,290.2,191.53,1.0043,19.038,0.042633,vapor
23.652,62.375,5.1656,0.19359,16.342,17.549,73.37,50.417,295.78,191.32,1.0005,19.098,0.043028,vapor
23.797,62.583,5.2007,0.19228,16.327,17.53,73.293,50.574,301.6,191.1,0.99656,19.159,0.043433,vapor
23.941,62.792,5.2363,0.19097,16.312,17.511,73.214,50.733,307.66,190.87,0.99262,19.221,0.043848,vapor
24.085,63.001,5.2724,0.18967,16.296,17.491,73.135,50.896,313.98,190.65,0.98863,19.284,0.044275,vapor
24.229,63.211,5.3091,0.18835,16.281,17.471,73.054,51.062,320.58,190.42,0.9846,19.349,0.044713,vapor
24.374,63.422,5.3464,0.18704,16.265,17.451,72.973,51.232,327.48,190.18,0.98051,19.414,0.045164,vapor
24.518,63.633,5.3843,0.18573,16.249,17.43,72.89,51.405,334.7,189.94,0.97638,19.482,0.045628,vapor
24.662,63.844,5.4228,0.18441,16.232,17.409,72.807,51.582,342.25,189.7,0.9722,19.55,0.046105,vapor
24.807,64.057,5.4619,0.18309,16.215,17.388,72.722,51.764,350.18,189.45,0.96797,19.62,0.046597,vapor
24.951,64.27,5.5017,0.18176,16.198,17.366,72.636,51.949,358.49,189.2,0.96368,19.691,0.047104,vapor
25.095,64.483,5.5422,0.18043,16.181,17.344,72.549,52.139,367.23,188.95,0.95933,19.765,0.047627,vapor
25.239,64.697,5.5834,0.1791,16.163,17.322,72.46,52.333,376.42,188.69,0.95492,19.839,0.048166,vapor
25.384,64.912,5.6253,0.17777,16.145,17.299,72.37,52.532,386.1,188.42,0.95046,19.916,0.048724,vapor
25.528,65.127,5.668,0.17643,16.126,17.275,72.279,52.736,396.31,188.15,0.94593,19.994,0.0493,vapor
25.672,65.343,5.7116,0.17508,16.107,17.251,72.186,52.946,407.09,187.87,0.94133,20.074,0.049896,vapor
25.816,65.56,5.756,0.17373,16.088,17.227,72.092,53.162,418.51,187.59,0.93666,20.156,0.050514,vapor
25.961,65.777,5.8013,0.17238,16.068,17.202,71.996,53.383,430.6,187.3,0.93193,20.24,0.051155,vapor
26.105,65.995,5.8475,0.17101,16.048,17.176,71.898,53.611,443.43,187,0.92711,20.326,0.05182,vapor
26.249,66.214,5.8947,0.16965,16.027,17.15,71.799,53.846,457.08,186.69,0.92222,20.415,0.05251,vapor
26.393,66.433,5.9429,0.16827,16.006,17.124,71.698,54.088,471.62,186.38,0.91725,20.506,0.053229,vapor
26.538,66.653,5.9921,0.16689,15.984,17.097,71.594,54.338,487.15,186.06,0.91219,20.599,0.053978,vapor
26.682,66.873,6.0426,0.16549,15.962,17.069,71.489,54.596,503.76,185.73,0.90704,20.696,0.054759,vapor
26.826,67.094,6.0942,0.16409,15.939,17.04,71.382,54.863,521.58,185.39,0.9018,20.795,0.055575,vapor
26.97,67.316,6.1471,0.16268,15.916,17.011,71.272,55.14,540.73,185.03,0.89646,20.897,0.056429,vapor
27.115,67.538,6.2013,0.16126,15.892,16.981,71.16,55.427,561.39,184.67,0.89101,21.002,0.057324,vapor
27.259,67.762,6.2569,0.15982,15.867,16.95,71.046,55.725,583.72,184.3,0.88545,21.111,0.058264,vapor
27.403,67.985,6.3141,0.15838,15.842,16.918,70.928,56.036,607.95,183.91,0.87977,21.224,0.059254,vapor
27.548,68.21,6.3729,0.15691,15.815,16.886,70.808,56.36,634.32,183.51,0.87396,21.34,0.060298,vapor
27.692,68.435,6.4334,0.15544,15.788,16.852,70.684,56.698,663.13,183.09,0.86802,21.461,0.061401,vapor
27.836,68.661,6.4958,0.15395,15.76,16.817,70.558,57.053,694.73,182.65,0.86193,21.587,0.062571,vapor
27.98,68.887,6.5602,0.15243,15.731,16.782,70.427,57.425,729.55,182.2,0.85569,21.717,0.063815,vapor
28.125,69.114,6.6267,0.1509,15.702,16.745,70.293,57.817,768.11,181.72,0.84928,21.853,0.065143,vapor
28.269,69.342,6.6956,0.14935,15.671,16.706,70.154,58.231,811.03,181.22,0.84269,21.995,0.066564,vapor
28.413,69.571,6.7671,0.14777,15.638,16.666,70.011,58.67,859.09,180.7,0.83589,22.143,0.068091,vapor
28.557,69.8,6.8414,0.14617,15.605,16.625,69.863,59.137,913.27,180.14,0.82889,22.299,0.06974,vapor
28.702,70.031,6.9187,0.14454,15.57,16.582,69.709,59.635,974.8,179.55,0.82164,22.462,0.07153,vapor
28.846,70.261,6.9995,0.14287,15.533,16.537,69.549,60.171,1045.3,178.92,0.81413,22.635,0.073484,vapor
28.99,70.493,7.0841,0.14116,15.495,16.49,69.383,60.749,1126.7,178.25,0.80632,22.817,0.07563,vapor
29.134,70.725,7.173,0.13941,15.455,16.441,69.208,61.378,1222,177.53,0.79819,23.01,0.078005,vapor
29.279,70.959,7.2668,0.13761,15.412,16.388,69.025,62.066,1334.7,176.74,0.78969,23.217,0.080657,vapor
29.423,71.193,7.3661,0.13576,15.367,16.333,68.831,62.826,1470.1,175.88,0.78077,23.438,0.083647,vapor
29.567,71.427,7.4719,0.13383,15.318,16.274,68.627,63.675,1635.6,174.93,0.77136,23.676,0.087061,vapor
29.711,71.663,7.5853,0.13183,15.266,16.211,68.408,64.634,1842.2,173.87,0.7614,23.935,0.091013,vapor
29.856,71.9,7.7078,0.12974,15.21,16.143,68.174,65.734,2106.7,172.66,0.75077,24.219,0.095673,vapor
30,72.137,7.8415,0.12753,15.149,16.069,67.919,67.019,2456.7,171.26,0.73936,24.533,0.10129,vapor